<?xml version='1.0' encoding='UTF-8'?>  
<!DOCTYPE hibernate-mapping PUBLIC  
 "-//Hibernate/Hibernate Mapping DTD 3.0//EN"  
 "http://hibernate.sourceforge.net/hibernate-mapping-3.0.dtd">  
  
 <hibernate-mapping>  
  <class name="com.model.hibernate.Bank" table="Bank_Table">  
    <id name="bankId">
      
     <generator class="increment"></generator>  
    </id>  
            
    <property name="bankName" column="Bank_Name" length="10" type="string"></property>
    <property name="bankAddress" column="Bank_Address"></property>  
   
            
  </class>  
 </hibernate-mapping>