<?xml version='1.0' encoding='UTF-8'?>  
<!DOCTYPE hibernate-mapping PUBLIC  
 "-//Hibernate/Hibernate Mapping DTD 3.0//EN"  
 "http://hibernate.sourceforge.net/hibernate-mapping-3.0.dtd">  
  
 <hibernate-mapping>  
  <class name="com.model.hibernate.Customer" table="Customer_Table">  
    <id name="custId">
      
     <generator class="assigned"></generator>  
    </id>  
            
    <property name="custName" column="Customer_Name" length="10" type="string"></property>
    <property name="custEmail" column="Customer_Email"></property>  
   
            
  </class>  
 </hibernate-mapping>