<?xml version='1.0' encoding='UTF-8'?>  
<!DOCTYPE hibernate-mapping PUBLIC  
 "-//Hibernate/Hibernate Mapping DTD 3.0//EN"  
 "http://hibernate.sourceforge.net/hibernate-mapping-3.0.dtd">  
  
 <hibernate-mapping>  
  <class name="com.model.hibernate.Student" table="Student_table">
    
    <id name="id" column="Student_Id"> 
     <generator class="assigned"></generator>  
    </id>  
     <!--  assigned mean have to give the id manually -->      
    <property name="name" column="Student_Name" type="string" length="15"></property>
    <property name="marks" column="Student_Marks"></property>  
   
            
  </class>  
 </hibernate-mapping>
 
 
 